,4641,Revenue_MTD
0,4166,348938.1517879021
1,5902,513865.82339452236
2,4482,378959.5482324252
3,4992,427411.8019878263
4,4448,375729.3979820651
5,4170,349318.16946441506
6,4965,424846.6826713639
7,4612,391310.122719096
8,4195,351693.279942621
9,1578,103066.71508402345
10,4348,366228.95606924134
11,4324,363948.8500101636
12,4233,355303.44786949403
13,3577,292980.54892137024
14,4494,380099.601261964
15,4014,334497.48008041
16,5297,456388.1498219387
17,3629,297920.77871603856
18,4432,374209.32727601327
19,3997,332882.40495522995
20,3058,243673.25539381494
21,3914,324997.03816758626
22,3548,290225.42076665134
23,4611,391215.1182999678
24,5420,468073.69337471196
25,4042,337157.6038160007
26,4570,387319.93711571005
27,4382,369459.1063196014
28,4312,362808.7969806248
29,4219,353973.3860016987
30,4964,424751.67825223564
31,4442,375159.3714672957
32,5580,483274.40043522994
33,4284,360148.6732450341
34,4645,394445.26855032786
35,5160,443372.54440137016
36,4594,389600.0431747878
37,4609,391025.1094617113
38,4837,412686.11702294945
39,4782,407460.8739708964
40,4450,375919.4068203216
41,5078,435582.1820328547
42,4457,376584.4377542192
43,5355,461898.4061313765
44,4278,359578.6467302647
45,4615,391595.1359764807
46,1972,140498.45622054904
47,4454,376299.4244968345
48,4345,365943.9428118566
49,3392,275404.7313826463
50,3164,253743.72382140812
51,1894,133088.11152854652
52,4440,374969.36262903915
53,4034,336397.56846297474
54,4258,357678.55834769993
55,3947,328132.1839988181
56,1208,67915.08000657558
57,4325,364043.85442929185
58,3246,261534.08618992363
59,4005,333642.44030825584
60,521,2647.044065476417
61,5420,468073.69337471196
62,3780,312266.4460044024
63,4953,423706.62964182504
64,4149,347323.07666272204
65,2518,192370.8690645667
66,3789,313121.4857765566
67,2389,180115.29899702407
68,4134,345898.0103757985
69,4932,421711.53684013203
70,4394,370599.15934914025
71,4576,387889.96363047947
72,4881,416866.31146459194
73,3927,326232.0956162533
74,5708,495434.96608364437
75,3539,289370.3809944972
76,3825,316541.64486517315
77,3150,252413.6619536128
78,3816,315686.60509301897
79,5812,505315.425672981
80,4159,348273.12085400446
81,4195,351693.279942621
82,4458,376679.44217334746
83,4988,427031.78431131336
84,2618,201871.31097739044
85,4741,403565.6927866387
86,881,36848.634951641914
87,5242,451162.9067698857
88,4617,391785.1448147372
89,4803,409455.9667725894
90,5701,494769.93514974666
91,5448,470733.81711030257
92,3686,303336.0306063481
93,5722,496765.02795143967
94,5179,445177.6283648067
95,5450,470923.82594855904
96,4714,401000.57347017626
97,4953,423706.62964182504
98,4890,417721.35123674606
99,3761,310461.36204096593
100,4549,385324.84431401704
101,5041,432067.0185251099
102,3794,313596.5078721978
103,2591,199306.19166092805
104,5179,445177.6283648067
105,4881,416866.31146459194
106,5591,484319.4490456406
107,5637,488689.65232553944
108,5869,510730.6775632905
109,1584,103636.74159879287
110,3865,320341.82163030264
111,5080,435772.1908711112
112,3592,294405.6152082938
113,4507,381334.6587106311
114,5385,464748.53870522365
115,5103,437957.29251106066
116,4,-46470.24062382237
117,5064,434252.1201650594
118,150,-32599.595431099697
119,5263,453157.99957157864
120,2940,232462.73393668293
121,4225,354543.41251646815
122,4025,335542.5286908206
123,5413,467408.66244081425
124,5243,451257.9111890139
125,4857,414586.2054055142
126,3194,256593.85639525525
127,3610,296115.6947526021
128,5302,456863.1719175799
129,5901,513770.8189753942
130,4516,382189.69848278526
131,2913,229897.6146202205
132,4440,374969.36262903915
133,5168,444132.5797543961
134,4246,356538.5053181611
135,4527,383234.74709319585
136,4283,360053.6688259059
137,4894,418101.368913259
138,4818,410881.03305951296
139,2234,165389.61403214725
140,4240,355968.4788033917
141,3708,305426.1278271693
142,3384,274644.69602962036
143,1974,140688.4650588055
144,3019,239968.08304781368
145,1926,136128.2529406501
146,5155,442897.522305729
147,3409,277019.8065078263
148,3722,306756.1896949647
149,1982,141448.5004118314
150,3709,305521.13224629755
151,3393,275499.73580177454
152,4036,336587.5773012312
153,4328,364328.86768667656
154,4432,374209.32727601327
155,4108,343427.8954784643
156,4422,373259.2830847309
157,2709,210516.71311806006
158,4183,350553.2269130821
159,4649,394825.2862268408
160,4000,333167.41821261466
161,4499,380574.6233576052
162,3858,319676.79069640493
163,2918,230372.63671586174
164,2876,226382.4511124757
165,3129,250418.5691519198
166,3583,293550.57543613965
167,4879,416676.30262633547
168,4331,364613.88094406127
169,3378,274074.66951485095
170,4253,357203.53625205875
171,2726,212131.7882432401
172,3922,325757.07352061215
173,4562,386559.90176268417
174,334,-15118.782311503997
175,4051,338012.6435881548
176,3718,306376.17201845173
177,3659,300770.9112898857
178,3533,288800.35447972774
179,4440,374969.36262903915
180,4821,411166.0463168977
181,3459,281770.02746423817
182,2778,217072.01803790848
183,3270,263814.1922490013
184,1024,50434.26688697988
185,3964,329747.2591239981
186,3667,301530.9466429116
187,3180,255263.79452745995
188,3123,249848.54263715039
189,3065,244338.28632771265
190,354,-13218.693928939247
191,3448,280724.9788538276
192,4684,398150.4408963291
193,4214,353498.3639060575
194,4194,351598.2755234928
195,3149,252318.65753448458
196,2281,169854.82173117442
197,3869,320721.8393068156
198,5056,433492.08481203346
199,4039,336872.5905586159
200,4007,333832.4491465124
201,4716,401190.5823084327
202,3382,274454.6871913639
203,3647,299630.85826034687
204,4145,346943.0589862091
205,1594,104586.78579007526
206,584,8632.32247055538
207,4235,355493.4567077505
208,2606,200731.2579478516
209,4181,350363.21807482565
210,4233,355303.44786949403
211,760,25353.10023712518
212,3862,320056.80837291793
213,4330,364518.87652493303
214,3962,329557.25028574164
215,1633,108291.95813607652
216,1291,75800.44679421929
217,12,-45710.20527079647
218,3495,285190.1865528547
219,4284,360148.6732450341
220,4431,374114.32285688503
221,2401,181255.3520265629
222,2702,209851.6821841624
223,3087,246428.38354853383
224,3372,273504.64300008153
225,3217,258778.95803520473
226,2894,228092.53065678402
227,3166,253933.7326596646
228,3414,277494.8286034675
229,439,-5143.318303039057
230,4073,340102.740808976
231,4557,386084.879667043
232,3298,266474.31598459196
233,2639,203866.40377908346
234,250,-23099.153518275947
235,2317,173274.98081979097
236,2906,229232.58368632285
237,128,-34689.69265192092
238,3375,273789.65625746624
239,3857,319581.7862772767
240,4296,361288.726274573
241,4958,424181.6517374662
242,4328,364328.86768667656
243,5282,454963.0835350152
244,3853,319201.76860076375
245,4403,371454.19912129437
246,4392,370409.1505108838
247,4485,379244.5614898099
248,4223,354353.4036782117
249,4149,347323.07666272204
250,5861,509970.64221026463
251,5997,522891.24321170495
252,4110,343617.9043167208
253,3426,278634.8816330064
254,2267,168524.7598633791
255,3753,309701.32668794005
256,3669,301720.95548116806
257,4384,369649.1151578579
258,4318,363378.8234953942
259,4148,347228.0722435938
260,5054,433302.075973777
261,4041,337062.5993968724
262,5078,435582.1820328547
263,4978,426081.74012003094
264,4435,374494.340533398
265,4672,397010.3878667903
266,3441,280059.9479199299
267,4096,342287.8424489255
268,4278,359578.6467302647
269,3809,315021.5741591213
270,4299,361573.7395319577
271,3443,280249.9567581864
272,5516,477194.1176110227
273,4898,418481.38658977195
274,43,-42765.068277821105
275,3969,330222.2812196393
276,5048,432732.04945900757
277,3733,307801.2383053753
278,5464,472253.8878163544
279,6581,578373.8239825957
280,4788,408030.9004856658
281,4918,420381.4749723367
282,2042,147148.76555952567
283,2780,217262.02687616495
284,3912,324807.0293293298
285,6295,551202.5601119197
286,5136,441092.4383422925
287,5334,459903.3133296835
288,4652,395110.2994842255
289,3973,330602.2988961523
290,5810,505125.41683472454
291,5861,509970.64221026463
292,2512,191800.8425497973
293,4522,382759.7249975547
294,4557,386084.879667043
295,2869,225717.42017857806
296,4796,408790.9358386917
297,3290,265714.2806315661
298,4575,387794.95921135123
299,4066,339437.70987507835
300,3855,319391.7774390202
301,735,22977.98975891924
302,6369,558232.8871274092
303,4319,363473.82791452244
304,4742,403660.6972057669
305,4648,394730.28180771257
306,3711,305711.141084554
307,4085,341242.7938385149
308,4793,408505.922581307
309,1340,80455.66333150293
310,4734,402900.66185274103
311,4270,358818.6113772388
312,4796,408790.9358386917
313,3263,263149.16131510364
314,4015,334592.48449953826
315,4958,424181.6517374662
316,5009,429026.8771130063
317,2734,212891.823596266
318,3205,257638.90500566585
319,3817,315781.6095121472
320,3467,282530.0628172641
321,91,-38204.85615966571
322,2985,236737.9327974536
323,2369,178215.21061445933
324,4933,421806.54125926027
325,4241,356063.4832225199
326,769,26208.14000927932
327,4377,368984.08422396024
328,4698,399480.5027641245
329,5533,478809.1927362028
330,3041,242058.18026863493
331,4859,414776.2142437707
332,4193,351503.27110436454
333,5379,464178.5121904542
334,5264,453253.0039907069
335,4023,335352.51985256415
336,3610,296115.6947526021
337,4508,381429.6631297593
338,4562,386559.90176268417
339,4122,344757.9573462597
340,1203,67440.0579109344
341,3677,302480.99083419394
342,4108,343427.8954784643
343,2991,237307.95931222307
344,4655,395395.3127416102
345,5223,449357.82280644914
346,3579,293170.5577596267
347,5355,461898.4061313765
348,528,3312.074999374083
349,3787,312931.47693830007
350,765,25828.12233276636
351,4765,405845.79884571634
352,2972,235502.87534878653
353,4339,365373.9162970872
354,1756,119977.50168884973
355,4393,370504.154930012
356,4327,364233.8632675483
357,1964,139738.42086752312
358,5379,464178.5121904542
359,1442,90146.11408258317
360,3017,239778.0742095572
361,4432,374209.32727601327
362,4861,414966.22308202717
363,3073,245098.32168073853
364,4371,368414.0577091908
365,4764,405750.7944265881
366,4859,414776.2142437707
367,4805,409645.9756108459
368,4680,397770.4232198162
369,5019,429976.92130428867
370,4288,360528.69092154707
371,6397,560893.0108630001
372,3753,309701.32668794005
373,5410,467123.64918342954
374,4891,417816.3556558743
375,4680,397770.4232198162
376,4697,399385.49834499625
377,4377,368984.08422396024
378,3340,270464.5015879779
379,6762,595569.6238448066
380,4021,335162.5110143077
381,4281,359863.6599876494
382,4748,404230.72372053633
383,3962,329557.25028574164
384,4284,360148.6732450341
385,4239,355873.47438426345
386,4503,380954.64103411813
387,1677,112472.15257771898
388,5447,470638.81269117433
389,3417,277779.8418608522
390,4178,350078.20481744094
391,1462,92046.20246514792
392,5330,459523.29565317056
393,4924,420951.50148710614
394,5045,432447.03620162286
395,4067,339532.7142942066
396,4663,396155.34809463617
397,4928,421331.5191636191
398,4550,385419.84873314534
399,3758,310176.3487835812
400,3829,316921.6625416861
401,5006,428741.8638556216
402,4169,349223.1650452868
403,4783,407555.87839002465
404,4325,364043.85442929185
405,4818,410881.03305951296
406,4811,410216.0021256153
407,4454,376299.4244968345
408,1102,57844.61157898241
409,4644,394350.2641311996
410,5063,434157.11574593117
411,3652,300105.88035598805
412,4994,427601.8108260828
413,4828,411831.0772507953
414,4973,425606.71802438976
415,4376,368889.079804832
416,5682,492964.8511863101
417,4538,384279.79570360645
418,4585,388745.0034026336
419,3941,327562.1574840487
420,5120,439572.36763624067
421,4620,392070.1580721219
422,5131,440617.4162466513
423,0,-46850.25830033532
424,4311,362713.79256149655
425,5977,520991.1548291402
426,5232,450212.86257860326
427,3917,325282.05142497097
428,3967,330032.2723813828
429,4086,341337.7982576431
430,4356,366988.9914222672
431,5813,505410.4300921093
432,4912,419811.4484575673
433,4408,371929.2212169356
434,5464,472253.8878163544
435,5539,479379.2192509722
436,4297,361383.73069370125
437,1634,108386.96255520475
438,4585,388745.0034026336
439,3859,319771.79511553317
440,4412,372309.23889344855
441,1118,59364.6822850342
442,1246,71525.2479334486
443,4035,336492.572882103
444,2893,227997.52623765578
445,4580,388269.9813069924
446,4800,409170.95351520466
447,2986,236832.93721658183
448,2567,197026.08560185035
449,993,47489.12989400452
450,3063,244148.27748945617
451,2815,220587.18154565326
452,6109,533531.7381540677
453,5256,452492.968637681
454,1711,115702.30282807903
455,4456,376489.433335091
456,3898,323476.9674615345
457,5262,453062.9951524504
458,5631,488119.62581077
459,5059,433777.0980694182
460,5057,433587.08923116175
461,5514,477004.10877276625
462,4980,426271.7489582874
463,5905,514150.8366519071
464,5761,500470.2002974409
465,6102,532866.70722017
466,5584,483654.4181117429
467,5469,472728.9099119956
468,5454,471303.843625072
469,5676,492394.8246715407
470,5242,451162.9067698857
471,5141,441567.4604379337
472,4700,399670.51160238095
473,5976,520896.15041001193
474,5204,447552.73884301266
475,3167,254028.73707879282
476,4737,403185.67511012574
477,5562,481564.3208909217
478,4910,419621.4396193108
479,5591,484319.4490456406
480,5568,482134.3474056911
481,4392,370409.1505108838
482,5390,465223.5608008648
483,3994,332597.39169784525
484,5870,510825.6819824188
485,2744,213841.86778754837
486,5709,495529.97050277254
487,5610,486124.533009077
488,4563,386654.9061818124
489,5678,492584.8335097972
490,4326,364138.8588484201
491,5680,492774.84234805364
492,5765,500850.21797395387
493,5513,476909.104353638
494,4843,413256.1435377189
495,6652,585119.1377407005
496,4570,387319.93711571005
497,1050,52904.38178431406
498,5559,481279.3076335369
499,6510,571628.5102244909
500,5900,513675.8145562659
501,6692,588919.3145058299
502,5136,441092.4383422925
503,5196,446792.7034899867
504,6244,546357.3347363796
505,6000,523176.2564690897
506,5334,459903.3133296835
507,5167,444037.5753352679
508,5524,477954.1529640486
509,6263,548162.4186998161
510,2904,229042.57484806638
511,2800,219162.11525872967
512,2481,188855.70555682192
513,3544,289845.4030901384
514,3419,277969.8506991087
515,0,-46850.25830033532
516,487,-583.1061848836616
517,388,-9988.543678579168
518,1347,81120.6942654006
519,1374,83685.81358186301
520,1271,73900.35841165454
521,1275,74280.3760881675
522,1648,109717.02442300008
523,1018,49864.24037221045
524,5081,435867.1952902394
525,5936,517095.9736448825
526,4760,405370.77675007517
527,5558,481184.30321440875
528,2750,214411.8943023178
529,111,-36304.76777710096
530,5502,475864.0557432274
531,362,-12458.658575913345
532,5503,475959.06016235566
533,1845,128432.89499126287
534,4508,381429.6631297593
535,4675,397295.401124175
536,6123,534861.8000218628
537,6078,530586.6011610923
538,2190,161209.4195905048
539,4557,386084.879667043
540,3211,258208.93152043532
541,5739,498380.10307661974
542,6118,534386.7779262217
543,5981,521371.1725056532
544,2111,153704.07047937403
545,5888,512535.76152672706
546,6304,552057.599884074
547,5107,438337.3101875736
548,6064,529256.5392932969
549,5979,521181.1636673967
550,6268,548637.4407954572
551,4953,423706.62964182504
552,5601,485269.49323692295
553,842,33143.462605640656
554,502,841.9601020399059
555,5915,515100.8808431895
556,225,-25474.263996481885
557,5078,435582.1820328547
558,5406,466743.6315069166
559,5322,458763.26030014467
560,5225,449547.8316447056
561,1206,67725.0711683191
562,4854,414301.1921481295
563,1085,56229.53645380237
564,4822,411261.0507360259
565,5686,493344.86886282306
566,5706,495244.9572453879
567,5904,514055.83223277883
568,5909,514530.8543284201
569,6614,581508.9698138274
570,5758,500185.18704005616
571,1283,75040.4114411934
572,888,37513.66588553958
573,5362,462563.43706527416
574,6118,534386.7779262217
575,6149,537331.9149191971
576,6062,529066.5304550405
577,6171,539422.0121400184
578,930,41503.85148892556
579,5785,502750.3063565186
580,5903,513960.82781365066
581,5280,454773.0746967587
582,1132,60694.74415282953
583,5203,447457.7344238844
584,4071,339912.7319707195
585,6245,546452.339155508
586,6345,555952.7810683316
587,5532,478714.1883170745
588,805,29628.29909789587
589,5004,428551.85501736513
590,5074,435202.16435634176
591,6833,602314.9376029116
592,5774,501705.25774610805
593,6271,548922.454052842
594,6211,543222.1889051478
595,2551,195506.01489579855
596,0,-46850.25830033532
597,2805,219637.13735437085
598,3358,272174.5811322862
599,2768,216121.97384662606
600,2951,233507.78254709352
601,3264,263244.1657342319
602,2949,233317.77370883705
603,2461,186955.61717425718
604,1637,108671.97581258946
605,1064,54234.443652109374
606,2493,189995.75858636078
607,1530,98506.50296586804
608,1305,77130.50866201462
609,1246,71525.2479334486
610,1383,84540.85335401713
611,1724,116937.36027674613
612,696,19272.817412917982
613,1155,62879.845792778986
614,570,7302.260602760056
615,1678,112567.15699684722
616,1858,129667.95243992997
617,1757,120072.50610797797
618,1058,53664.41713733996
619,1500,95656.37039202094
620,6124,534956.804440991
621,5384,464653.5342860954
622,7618,676893.4066185779
623,6186,540847.0784269418
624,6957,614095.4855748129
625,5655,490399.7318698478
626,5541,479569.2280892287
627,6144,536856.892823556
628,6395,560703.0020247435
629,6118,534386.7779262217
630,6574,577708.793048698
631,1726,117127.3691150026
632,5220,449072.80954906443
633,1778,122067.59890967095
634,4862,415061.2275011554
635,4425,373544.2963421156
636,5041,432067.0185251099
637,4752,404610.7413970493
638,5398,465983.5961538907
639,6638,583789.0758729053
640,5171,444417.5930117808
641,2081,150853.93790552692
642,1806,124727.72264526162
643,6259,547782.4010233032
644,6150,537426.9193383253
645,2661,205956.50099990467
646,4806,409740.98002997413
647,6106,533246.7248966829
648,6244,546357.3347363796
649,4763,405655.7900074599
650,4383,369554.11073872965
651,5068,434632.13784157234
652,1100,57654.602740725924
653,929,41408.847069797324
654,1424,88436.0345382749
655,988,47014.10779836333
656,1002,48344.16966615866
657,1121,59649.69554241892
658,1017,49769.235953082214
659,1237,70670.20816129447
660,698,19462.826251174454
661,769,26208.14000927932
662,1078,55564.505519904706
663,744,23833.029531073378
664,2967,235027.85325314535
665,2891,227807.5173993993
666,1720,116557.34260023318
667,3569,292220.5135683443
668,3275,264289.2143446425
669,3978,331077.3209917935
670,3495,285190.1865528547
671,4433,374304.3316951415
672,3131,250608.57799017627
673,4030,336017.5507864618
674,4584,388649.99898350536
675,3452,281104.9965303405
676,3570,292315.5179874725
677,4240,355968.4788033917
678,3857,319581.7862772767
679,2041,147053.76114039743
680,1785,122732.6298435686
681,4151,347513.0855009786
682,5518,477384.1264492792
683,4011,334212.4668230253
684,4530,383519.76035058056
685,4732,402710.65301448456
686,3826,316636.6492843014
687,3264,263244.1657342319
688,3009,239018.03885653132
689,4195,351693.279942621
690,4180,350268.2136556974
691,4678,397580.4143815597
692,3966,329937.2679622546
693,4341,365563.9251353437
694,3262,263054.1568959754
695,4333,364803.8897823178
696,4397,370884.17260652495
697,4756,404990.7590735622
698,4334,364898.89420144603
699,4318,363378.8234953942
700,3468,282625.06723639235
701,4361,367464.0135179084
702,4517,382284.7029019135
703,4453,376204.4200777063
704,3597,294880.63730393496
705,3382,274454.6871913639
706,5283,455058.0879541434
707,3350,271414.5457792603
708,4006,333737.44472738414
709,3159,253268.70172576694
710,4187,350933.2445895951
711,3396,275784.74905915925
712,2783,217547.04013354966
713,3247,261629.09060905187
714,4197,351883.2887808775
715,3056,243483.24655555846
716,3391,275309.7269635181
717,5644,489354.68325943715
718,0,-46850.25830033532
719,3644,299345.84500296216
720,4330,364518.87652493303
721,4222,354258.3992590834
722,3404,276544.78441218514
723,3442,280154.95233905816
724,4302,361858.7527893424
725,3941,327562.1574840487
726,230,-24999.241900840694
727,3234,260394.03316038474
728,4710,400620.5557936633
729,5082,435962.19970936765
730,5212,448312.77419603855
731,4928,421331.5191636191
732,4682,397960.43205807265
733,4713,400905.569051048
734,3656,300485.898032501
735,2963,234647.8355766324
736,3219,258968.9668734612
737,4356,366988.9914222672
738,3421,278159.85953736515
739,3965,329842.26354312635
740,4844,413351.14795684716
741,4259,357773.56276682817
742,5268,453633.0216672198
743,1586,103826.75043704937
744,2170,159309.33120794006
745,2488,189520.73649071957
746,4316,363188.81465713773
747,3884,322146.9055937391
748,4706,400240.53811715037
749,4736,403090.6706909975
750,3776,311886.4283278895
751,5029,430926.9654955711
752,4621,392165.16249125014
753,5062,434062.11132680293
754,3416,277684.83744172397
755,1661,110952.08187166718
756,3859,319771.79511553317
757,5763,500660.2091356974
758,2260,167859.72892948144
759,6175,539802.0298165313
760,3769,311221.3973939918
761,1738,118267.42214454146
762,3216,258683.9536160765
763,3231,260109.01990300004
764,3346,271034.52810274734
765,3727,307231.21179060586
766,4671,396915.38344766205
767,3441,280059.9479199299
768,2729,212416.80150062483
769,2889,227617.50856114284
770,3602,295355.65939957614
771,3868,320626.83488768735
772,5301,456768.16749845166
773,4484,379149.55707068165
774,5674,492204.8158332842
775,4601,390265.0741086854
776,4424,373449.2919229874
777,4365,367844.03119442135
778,4421,373164.2786656027
779,4495,380194.60568109225
780,2697,209376.66008852122
781,4076,340387.7540663607
782,3646,299535.85384121863
783,1271,73900.35841165454
784,1732,117697.39562977204
785,4235,355493.4567077505
786,3874,321196.86140245677
787,3939,327372.1486457922
788,2819,220967.1992221662
789,4044,337347.61265425716
790,4559,386274.88850529946
791,5350,461423.38403573533
792,5212,448312.77419603855
793,3488,284525.15561895707
794,3550,290415.4296049078
795,5122,439762.37647449714
796,4093,342002.8291915408
797,4309,362523.7837232401
798,3928,326327.10003538156
799,4922,420761.4926488497
800,4434,374399.33611426974
801,5032,431211.9787529558
802,4734,402900.66185274103
803,4463,377154.46426898864
804,4818,410881.03305951296
805,4469,377724.49078375805
806,4114,343997.92199323373
807,4569,387224.9326965818
808,3952,328607.2060944593
809,4216,353688.37274431397
810,4595,389695.047593916
811,2740,213461.85011103543
812,4652,395110.2994842255
813,3537,289180.37215624074
814,3754,309796.3311070683
815,3010,239113.04327565955
816,3806,314736.5609017366
817,3924,325947.0823588686
818,3764,310746.37529835064
819,3306,267234.35133761785
820,1668,111617.11280556483
821,4258,357678.55834769993
822,3059,243768.25981294317
823,3321,268659.41762454144
824,2343,175745.09571712514
825,3823,316351.6360269166
826,3205,257638.90500566585
827,3192,256403.84755699878
828,4362,367559.01793703664
829,4042,337157.6038160007
830,3472,283005.0849129053
831,4202,352358.31087651866
832,4148,347228.0722435938
833,4374,368699.0709665755
834,4191,351313.26226610807
835,2458,186670.60391687247
836,3454,281295.005368597
837,1775,121782.58565228625
838,4091,341812.8203532843
839,3070,244813.30842335382
840,4127,345232.97944190085
841,4539,384374.8001227347
842,3975,330792.30773440877
843,4425,373544.2963421156
844,2880,226762.46878898866
845,4335,364993.89862057427
846,4299,361573.7395319577
847,4771,406415.8253604858
848,4513,381904.68522540055
849,3878,321576.8790789697
850,4673,397105.3922859185
851,4043,337252.6082351289
852,3689,303621.04386373283
853,3201,257258.8873291529
854,4203,352453.3152956469
855,3572,292505.52682572906
856,5181,445367.6372030632
857,4014,334497.48008041
858,4542,384659.8133801194
859,1,-46755.253881207085
860,4796,408790.9358386917
861,5191,446317.68139434553
862,4752,404610.7413970493
863,5688,493534.87770107953
864,2657,205576.48332339173
865,4803,409455.9667725894
866,5517,477289.12203015096
867,4283,360053.6688259059
868,4132,345708.00153754203
869,4789,408125.90490479406
870,0,-46850.25830033532
871,1192,66395.00930052379
872,3121,249658.5337988939
873,3117,249278.51612238097
874,3895,323191.9542041497
875,4396,370789.1681873967
876,4387,369934.1284152426
877,4500,380669.6277767334
878,5520,477574.13528753567
879,5331,459618.3000722988
880,4904,419051.41310454137
881,3628,297825.7742969103
882,4890,417721.35123674606
883,4110,343617.9043167208
884,3534,288895.358898856
885,413,-7613.433200373234
886,3873,321101.85698332853
887,4819,410976.0374786412
888,2406,181730.3741222041
889,3610,296115.6947526021
890,2920,230562.6455541182
891,1484,94136.29968596913
892,2941,232557.73835581116
893,3184,255643.8122039729
894,4665,396345.35693289264
895,3948,328227.18841794634
896,5316,458193.23378537525
897,3778,312076.43716614594
898,4443,375254.3758864239
899,3860,319866.7995346614
900,1150,62404.82369713781
901,4924,420951.50148710614
902,3816,315686.60509301897
903,3731,307611.2294671188
904,3795,313691.512291326
905,3148,252223.65311535634
906,2946,233032.76045145234
907,3845,318441.73324773787
908,3944,327847.1707414334
909,3086,246333.3791294056
910,315,-16923.86627494051
911,3802,314356.54322522366
912,4421,373164.2786656027
913,3577,292980.54892137024
914,4546,385039.83105663233
915,3483,284050.1335233159
916,3036,241583.15817299375
917,1371,83400.80032447829
918,3585,293740.5842743961
919,3426,278634.8816330064
920,2969,235217.86209140182
921,3205,257638.90500566585
922,4153,347703.09433923505
923,4196,351788.28436174925
924,1199,67060.04023442144
925,1604,105536.82998135765
926,5285,455248.0967923999
927,4319,363473.82791452244
928,2904,229042.57484806638
929,3812,315306.587416506
930,4299,361573.7395319577
931,2855,224387.35831078276
932,3789,313121.4857765566
933,4597,389885.0564321725
934,2613,201396.28888174926
935,4053,338202.6524264113
936,2771,216406.98710401077
937,2472,188000.66578466777
938,4568,387129.9282774536
939,2777,216977.01361878024
940,4125,345042.9706036444
941,3313,267899.3822715155
942,1725,117032.36469587436
943,3464,282245.0495598794
944,4000,333167.41821261466
945,4614,391500.1315573525
946,4843,413256.1435377189
947,4895,418196.37333238724
948,5251,452017.9465420398
949,3766,310936.3841366071
950,4589,389125.0210791466
951,4965,424846.6826713639
952,2888,227522.5041420146
953,3146,252033.64427709987
954,3601,295260.6549804479
955,4511,381714.676387144
956,3358,272174.5811322862
957,3683,303051.0173489634
958,4378,369079.0886430885
959,5456,471493.8524633285
960,2817,220777.19038390974
961,4976,425891.73128177447
962,1192,66395.00930052379
963,4358,367179.0002605237
964,2795,218687.0931630885
965,3788,313026.48135742836
966,6935,612005.3883539918
967,5415,467598.6712790707
968,3802,314356.54322522366
969,5179,445177.6283648067
970,5530,478524.179478818
971,3820,316066.6227695319
972,4284,360148.6732450341
973,4075,340292.7496472325
974,0,-46850.25830033532
975,4737,403185.67511012574
976,5102,437862.2880919324
977,6547,575143.6737322356
978,5507,476339.0778388686
979,4695,399195.4895067398
980,5097,437387.26599629124
981,4986,426841.7754730569
982,4899,418576.3910089002
983,5465,472348.89223548264
984,4457,376584.4377542192
985,4871,415916.2672733095
986,4845,413446.1523759754
987,3953,328702.2105135875
988,4298,361478.7351128295
989,5856,509495.6201146235
990,4173,349603.18272179976
991,4551,385514.8531522736
992,3984,331647.3475065629
993,4187,350933.2445895951
994,5030,431021.9699146993
995,5116,439192.3499597277
996,4469,377724.49078375805
997,5297,456388.1498219387
998,4783,407555.87839002465
999,4835,412496.108184693
1000,4384,369649.1151578579
1001,4580,388269.9813069924
1002,4480,378769.5393941687
1003,4096,342287.8424489255
1004,5211,448217.7697769103
1005,4934,421901.5456783885
1006,4487,379434.57032806636
1007,4808,409930.9888682306
1008,4793,408505.922581307
1009,4084,341147.78941938665
1010,4025,335542.5286908206
1011,4005,333642.44030825584
1012,4783,407555.87839002465
1013,4512,381809.68080627226
1014,4201,352263.3064573904
1015,5080,435772.1908711112
1016,4494,380099.601261964
1017,4101,342762.86454456666
1018,2591,199306.19166092805
1019,2836,222582.27434734622
1020,4510,381619.6719680158
1021,3992,332407.3828595888
1022,3142,251653.62660058693
1023,4521,382664.72057842644
1024,296,-18728.95023837702
1025,2242,166149.64938517316
1026,1279,74660.39376468044
1027,440,-5048.3138839108215
1028,0,-46850.25830033532
1029,6617,581793.9830712122
1030,7171,634426.4312682557
1031,3579,293170.5577596267
1032,5209,448027.76093865384
1033,2484,189140.71881420663
1034,4184,350648.23133221036
1035,6683,588064.2747336759
1036,1048,52714.372946057585
1037,6091,531821.6586097593
1038,2723,211846.7749858554
1039,2276,169379.79963553324
1040,6357,557092.8340978704
1041,4828,411831.0772507953
1042,4150,347418.0810818503
1043,6421,563173.1169220777
1044,5487,474438.9894563038
1045,1955,138883.381095369
1046,6267,548542.436376329
1047,3415,277589.83302259573
1048,1915,135083.2043302395
1049,4328,364328.86768667656
1050,2538,194270.95744713146
1051,3606,295735.6770760891
1052,3958,329177.2326092287
1053,3041,242058.18026863493
1054,3480,283765.1202659312
1055,2256,167479.71125296847
1056,2878,226572.45995073218
1057,2422,183250.44482825592
1058,2449,185815.56414471832
1059,2097,152374.00861157873
1060,1887,132423.08059464884
1061,3639,298870.8229073209
1062,3238,260774.0508368977
1063,4233,355303.44786949403
1064,3261,262959.1524768472
1065,5185,445747.6548795761
1066,2840,222962.29202385916
1067,4377,368984.08422396024
1068,3044,242343.19352601963
1069,3006,238733.0255991466
1070,3667,301530.9466429116
1071,3257,262579.1348003342
1072,3472,283005.0849129053
1073,2230,165009.5963556343
1074,3552,290605.4384431643
1075,1808,124917.73148351809
1076,3232,260204.02432212827
1077,3854,319296.773019892
1078,2655,205386.47448513523
1079,2714,210991.73521370126
1080,4776,406890.847456127
1081,3705,305141.1145697846
1082,3870,320816.8437259438
1083,4336,365088.9030397025
1084,3175,254788.77243181877
1085,4597,389885.0564321725
1086,3486,284335.1467807006
1087,3502,285855.21748675243
1088,3747,309131.3001731706
1089,4116,344187.93083149026
1090,4457,376584.4377542192
1091,4700,399670.51160238095
1092,401,-8753.48622991208
1093,3350,271414.5457792603
1094,4718,401380.5911466892
1095,5018,429881.91688516043
1096,3796,313786.51671045425
1097,4629,392925.1978442761
1098,869,35708.58192210307
1099,4445,375444.3847246804
1100,4881,416866.31146459194
1101,4063,339152.69661769364
1102,4067,339532.7142942066
1103,3936,327087.1353884075
1104,776,26873.170943176985
1105,3099,247568.43657807267
1106,4701,399765.5160215092
1107,0,-46850.25830033532
1108,3848,318726.7465051226
1109,3642,299155.83616470563
1110,3064,244243.2819085844
1111,4422,373259.2830847309
1112,3106,248233.46751197038
1113,2660,205861.49658077644
1114,4615,391595.1359764807
1115,1949,138313.35458059958
1116,1178,65064.947432728455
1117,4528,383329.7515123241
1118,4447,375634.39356293686
1119,2329,174415.03384932983
1120,1973,140593.46063967727
1121,3728,307326.2162097341
1122,4838,412781.1214420777
1123,2597,199876.21817569746
1124,3864,320246.8172111744
1125,3276,264384.2187637707
1126,2619,201966.3153965187
1127,2823,221347.21689867915
1128,2997,237877.9858269925
1129,2496,190280.7718437455
1130,3980,331267.32983004994
1131,4123,344852.9617653879
1132,4364,367749.0267752931
1133,2901,228757.56159068167
1134,3768,311126.3929748636
1135,4243,356253.4920607764
1136,4533,383804.77360796527
1137,1828,126817.81986608283
1138,4176,349888.1959791845
1139,4668,396630.37019027735
1140,3010,239113.04327565955
1141,699,19557.83067030269
1142,3172,254503.75917443406
1143,3841,318061.7155712249
1144,4036,336587.5773012312
1145,3879,321671.88349809794
1146,3082,245953.36145289266
1147,3146,252033.64427709987
1148,4473,378104.508460271
1149,4225,354543.41251646815
1150,3262,263054.1568959754
1151,3251,262009.1082855648
1152,3747,309131.3001731706
1153,4067,339532.7142942066
1154,1666,111427.10396730836
1155,5375,463798.49451394123
1156,5146,442042.48253357486
1157,3234,260394.03316038474
1158,1098,57464.59390246945
1159,3330,269514.45739669556
1160,3488,284525.15561895707
1161,3645,299440.8494220904
1162,3914,324997.03816758626
1163,3865,320341.82163030264
1164,3703,304951.10573152814
1165,4123,344852.9617653879
1166,3427,278729.8860521346
1167,1070,54804.470166878804
1168,2128,155319.14560455407
1169,1371,83400.80032447829
1170,4018,334877.49775692297
1171,2693,208996.64241200828
1172,2971,235407.8709296583
1173,3603,295450.6638187044
1174,3821,316161.62718866015
1175,3659,300770.9112898857
1176,4218,353878.38158257044
1177,2489,189615.7409098478
1178,4961,424466.66499485093
1179,1460,91856.19362689144
1180,3960,329367.24144748517
1181,3438,279774.9346625452
1182,2683,208046.5982207259
1183,2946,233032.76045145234
1184,2720,211561.76172847068
1185,2403,181445.3608648194
1186,2035,146483.73462562799
1187,3836,317586.69347558374
1188,3697,304381.0792167587
1189,3834,317396.6846373273
1190,215,-26424.308187764258
1191,3696,304286.0747976305
1192,4214,353498.3639060575
1193,4101,342762.86454456666
1194,5388,465033.55196260836
1195,3874,321196.86140245677
1196,4827,411736.0728316671
1197,3969,330222.2812196393
1198,3371,273409.6385809533
1199,4423,373354.28750385914
1200,4354,366798.98258401075
1201,4425,373544.2963421156
1202,3251,262009.1082855648
1203,4645,394445.26855032786
1204,3511,286710.25725890655
1205,3074,245193.32609986677
1206,4297,361383.73069370125
1207,2084,151138.95116291163
1208,4211,353213.3506486728
1209,4756,404990.7590735622
1210,5088,436532.22622413706
1211,3522,287755.30586931715
1212,3683,303051.0173489634
1213,2988,237022.9460548383
1214,2186,160829.40191399187
1215,3366,272934.6164853121
1216,3362,272554.5988087992
1217,2506,191230.81603502785
1218,3605,295640.67265696084
1219,3377,273979.6650957227
1220,4416,372689.2565699615
1221,2373,178595.22829097227
1222,3569,292220.5135683443
1223,3793,313501.50345306954
1224,3928,326327.10003538156
1225,3384,274644.69602962036
1226,5230,450022.8537403468
1227,7963,709669.9312178199
1228,3795,313691.512291326
1229,4427,373734.3051803721
1230,4005,333642.44030825584
1231,2856,224482.362729911
1232,3644,299345.84500296216
1233,4213,353403.35948692926
1234,5340,460473.3398444529
1235,4275,359293.63347288
1236,3313,267899.3822715155
1237,4024,335447.5242716924
1238,5707,495339.9616645161
1239,4810,410120.9977064871
1240,5147,442137.4869527031
1241,2406,181730.3741222041
1242,3367,273029.62090444035
1243,4729,402425.6397570998
1244,4835,412496.108184693
1245,3260,262864.14805771894
1246,4829,411926.08166992356
1247,4988,427031.78431131336
1248,3614,296495.712429115
1249,4633,393305.21552078903
1250,5252,452112.95096116804
1251,5618,486884.5683621029
1252,4257,357583.5539285717
1253,5885,512250.7482693424
1254,6204,542557.1579712501
1255,4805,409645.9756108459
1256,4829,411926.08166992356
1257,5266,453443.01282896334
1258,4910,419621.4396193108
1259,4795,408695.9314195635
1260,5924,515955.92061534367
1261,6332,554717.7236196646
1262,6044,527356.4509107322
1263,4680,397770.4232198162
1264,4204,352548.31971477513
1265,3382,274454.6871913639
1266,5216,448692.7918725515
1267,6127,535241.8176983758
1268,3924,325947.0823588686
1269,3614,296495.712429115
1270,4313,362903.801399753
1271,3118,249373.5205415092
1272,6601,580273.9123651604
1273,490,-298.09292749894666
1274,4440,374969.36262903915
1275,5405,466648.62708778837
1276,4054,338297.6568455395
1277,2108,153419.05722198932
1278,2613,201396.28888174926
1279,4797,408885.94025781995
1280,5196,446792.7034899867
1281,4786,407840.89164740936
1282,5851,509020.5980189823
1283,4909,419526.43520018255
1284,4894,418101.368913259
1285,6047,527641.4641681169
1286,4132,345708.00153754203
1287,6036,526596.4155577063
1288,647,14617.600875634344
1289,5038,431782.0052677252
1290,4847,413636.16121423186
1291,4593,389505.03875565954
1292,4865,415346.2407585401
1293,4797,408885.94025781995
1294,4635,393495.2243590455
1295,5107,438337.3101875736
1296,5582,483464.4092734864
1297,5641,489069.6700020524
1298,3552,290605.4384431643
1299,5255,452397.96421855275
1300,3558,291175.4649579337
1301,3189,256118.83429961407
1302,2194,161589.43726701775
1303,3490,284715.16445721354
1304,3373,273599.64741920977
1305,3897,323381.96304240625
1306,4889,417626.3468176178
1307,3359,272269.58555141446
1308,5127,440237.3985701383
1309,5171,444417.5930117808
1310,5072,435012.1555180853
1311,4029,335922.54636733356
1312,4554,385799.8664096583
1313,2889,227617.50856114284
1314,2683,208046.5982207259
1315,1933,136793.28387454778
1316,3287,265429.26737418136
1317,2441,185055.52879169243
1318,5265,453348.0084098351
1319,4381,369364.1019004732
1320,3210,258113.92710130708
1321,4928,421331.5191636191
1322,5283,455058.0879541434
1323,2384,179640.2769013829
1324,4713,400905.569051048
1325,5725,497050.0412088243
1326,5097,437387.26599629124
1327,4807,409835.98444910237
1328,5035,431496.9920103405
1329,4582,388459.9901452489
1330,2990,237212.95489309478
1331,5304,457053.18075583637
1332,5307,457338.1940132211
1333,4090,341717.81593415607
1334,5575,482799.3783395887
1335,5453,471208.83920594375
1336,5731,497620.06772359385
1337,4149,347323.07666272204
1338,4921,420666.48822972144
1339,4600,390170.0696895572
1340,3269,263719.18782987306
1341,5500,475674.04690497095
1342,4180,350268.2136556974
1343,4162,348558.13411138917
1344,5264,453253.0039907069
1345,6016,524696.3271751415
1346,4015,334592.48449953826
1347,5231,450117.858159475
1348,5275,454298.0526011175
1349,3583,293550.57543613965
1350,2837,222677.27876647445
1351,2215,163584.53006871074
1352,4795,408695.9314195635
1353,5517,477289.12203015096
1354,5086,436342.2173858806
1355,5347,461138.3707783506
1356,3222,259253.9801308459
1357,5220,449072.80954906443
1358,3997,332882.40495522995
1359,5377,463988.5033521977
1360,4463,377154.46426898864
1361,47,-42385.05060130816
1362,4239,355873.47438426345
1363,4140,346468.0368905679
1364,3680,302766.0040915787
1365,4773,406605.8341987423
1366,3427,278729.8860521346
1367,6069,529731.561388938
1368,4744,403850.7060440234
1369,6151,537521.9237574534
1370,555,5877.194315836488
1371,5275,454298.0526011175
1372,4350,366418.9649074978
1373,4,-46470.24062382237
1374,4913,419906.45287669555
1375,3590,294215.6063700373
1376,4057,338582.6701029242
1377,3569,292220.5135683443
1378,4883,417056.3203028484
1379,5060,433872.10248854646
1380,4776,406890.847456127
1381,3942,327657.1619031769
1382,4455,376394.42891596275
1383,4969,425226.7003478768
1384,5357,462088.414969633
1385,3793,313501.50345306954
1386,2663,206146.50983816115
1387,4679,397675.41880068794
1388,5181,445367.6372030632
1389,4548,385229.8398948888
1390,4571,387414.9415348383
1391,2820,221062.20364129444
1392,4568,387129.9282774536
1393,3209,258018.92268217885
1394,4363,367654.0223561649
1395,4077,340482.75848548894
1396,4015,334592.48449953826
1397,3978,331077.3209917935
1398,4001,333262.4226317429
1399,4116,344187.93083149026
1400,4528,383329.7515123241
1401,83,-38964.89151269161
1402,3218,258873.96245433297
1403,7327,649247.120652261
1404,4321,363663.8367527789
1405,4748,404230.72372053633
1406,3841,318061.7155712249
1407,4439,374874.3582099109
1408,2461,186955.61717425718
1409,5009,429026.8771130063
1410,4307,362333.7748849836
1411,4453,376204.4200777063
1412,4203,352453.3152956469
1413,3428,278824.89047126286
1414,4032,336207.55962471827
1415,3585,293740.5842743961
1416,1350,81405.7075227853
1417,4740,403470.68836751045
1418,7,-46185.227366437655
1419,3697,304381.0792167587
1420,4088,341527.8070958996
1421,3968,330127.27680051106
1422,3567,292030.5047300878
1423,3925,326042.08677799685
1424,3014,239493.0609521725
1425,4853,414206.1877290013
1426,3987,331932.3607639476
1427,566,6922.242926247105
1428,4283,360053.6688259059
1429,3888,322526.92327025207
1430,3811,315211.5829973778
1431,4497,380384.6145193487
1432,4782,407460.8739708964
1433,5606,485744.5153325641
1434,5902,513865.82339452236
1435,4365,367844.03119442135
1436,6175,539802.0298165313
1437,4093,342002.8291915408
1438,6058,528686.5127785276
1439,3733,307801.2383053753
1440,3021,240158.09188607015
1441,5756,499995.1782017997
1442,4488,379529.5747471946
1443,4784,407650.8828091529
1444,5244,451352.91560814215
1445,4364,367749.0267752931
1446,4040,336967.59497774416
1447,4855,414396.19656725775
1448,4999,428076.83292172395
1449,5477,473488.94526502147
1450,4733,402805.6574336128
1451,4602,390360.07852781366
1452,700,19652.835089430926
1453,4887,417436.33797936136
1454,1630,108006.94487869181
1455,3849,318821.7509242508
1456,4428,373829.3095995003
1457,4069,339722.72313246306
1458,3354,271794.5634557733
1459,209,-26994.334702533684
1460,5414,467503.6668599425
1461,3563,291650.4870535749
1462,4761,405465.7811692034
1463,5088,436532.22622413706
1464,4609,391025.1094617113
1465,4834,412401.10376556474
1466,3723,306851.1941140929
1467,4588,389030.01666001836
1468,3808,314926.5697399931
1469,3786,312836.47251917183
1470,4797,408885.94025781995
1471,5228,449832.8449020903
1472,3749,309321.30901142705
1473,3515,287090.2749354195
1474,4599,390075.06527042895
1475,4681,397865.4276389444
1476,4571,387414.9415348383
1477,3992,332407.3828595888
1478,5015,429596.9036277757
1479,4933,421806.54125926027
1480,4344,365848.9383927284
1481,5064,434252.1201650594
1482,4816,410691.0242212565
1483,4646,394540.2729694561
1484,3409,277019.8065078263
1485,4681,397865.4276389444
1486,3485,284240.14236157236
1487,4676,397390.40554330323
1488,4228,354828.42577385285
1489,4084,341147.78941938665
1490,3329,269419.4529775673
1491,5776,501895.2665843645
1492,3651,300010.8759368598
1493,3315,268089.39110977197
1494,5208,447932.7565195256
1495,4451,376014.4112394498
1496,583,8537.318051427144
1497,4270,358818.6113772388
1498,5104,438052.2969301889
1499,4409,372024.22563606384
1500,4015,334592.48449953826
1501,4689,398625.4629919703
1502,4508,381429.6631297593
1503,4540,384469.8045418629
1504,2685,208236.60705898236
1505,5187,445937.6637178326
1506,4597,389885.0564321725
1507,4551,385514.8531522736
1508,4014,334497.48008041
1509,3673,302100.973157681
1510,4956,423991.64289920975
1511,4344,365848.9383927284
1512,4351,366513.96932662604
1513,4255,357393.5450903152
1514,3212,258303.93593956355
1515,4984,426651.76663480035
1516,4745,403945.7104631516
1517,5147,442137.4869527031
1518,3703,304951.10573152814
1519,5331,459618.3000722988
1520,6691,588824.3100867018
1521,3413,277399.82418433926
1522,4640,393970.2464546867
1523,4625,392545.18016776314
1524,4534,383899.7780270935
1525,4267,358533.5981198541
1526,3917,325282.05142497097
1527,4668,396630.37019027735
1528,4210,353118.34622954455
1529,4860,414871.21866289893
1530,4566,386939.9194391971
1531,4966,424941.6870904921
1532,4994,427601.8108260828
1533,3345,270939.5236836191
1534,3793,313501.50345306954
1535,5740,498475.1074957479
1536,3543,289750.39867101016
1537,4207,352833.33297215984
1538,4116,344187.93083149026
1539,4071,339912.7319707195
1540,4230,355018.4346121093
1541,4242,356158.48764164816
1542,3821,316161.62718866015
1543,1863,130142.97453557115
1544,4197,351883.2887808775
1545,3333,269799.4706540803
1546,4605,390645.09178519837
